{
    "Ar36": {
        "error": 0.00022635343265685557, 
        "filter_outliers_dict": {
            "filter_outliers": true, 
            "iterations": 1, 
            "std_devs": 2
        }, 
        "fit": "Parabolic", 
        "value": 0.009158420061294407
    }, 
    "Ar37": {
        "error": 0.011950874718709972, 
        "filter_outliers_dict": {
            "filter_outliers": true, 
            "iterations": 1, 
            "std_devs": 2
        }, 
        "fit": "linear", 
        "value": 4.282252518523241
    }, 
    "Ar38": {
        "error": 0.013552190686888331, 
        "filter_outliers_dict": {
            "filter_outliers": true, 
            "iterations": 1, 
            "std_devs": 2
        }, 
        "fit": "linear", 
        "value": -0.0506397059784804
    }, 
    "Ar39": {
        "error": 0.023008818133941674, 
        "filter_outliers_dict": {
            "filter_outliers": true, 
            "iterations": 1, 
            "std_devs": 2
        }, 
        "fit": "Parabolic", 
        "value": 4.489603610973536
    }, 
    "Ar40": {
        "error": 0.022966706238244625, 
        "filter_outliers_dict": {
            "filter_outliers": true, 
            "iterations": 1, 
            "std_devs": 2
        }, 
        "fit": "Parabolic", 
        "value": 42.26968706325806
    }
}